#time,ax,ay,az,dumb1,dumb2,dumb3,vel,press,alt,tiltang
66814,0.00,-0.00,0.00,0.00,0.00,0.48,0.00,1012.38,96.14,88.768
66829,0.00,-0.00,0.00,0.00,0.00,0.52,0.00,1012.38,96.14,88.768
66839,0.00,-0.00,0.00,-0.00,0.00,0.67,0.00,1012.38,96.15,88.768
66855,0.00,-0.00,0.00,0.00,0.00,0.63,0.00,1012.38,96.15,88.768
66866,0.00,-0.00,0.00,0.00,0.00,0.61,0.00,1012.39,96.12,88.768
66880,0.00,-0.00,0.00,-0.00,0.00,0.49,0.00,1012.39,96.12,88.768
66891,0.00,-0.00,0.00,0.00,0.00,0.59,0.00,1012.38,96.19,88.768
66907,0.00,-0.00,0.00,0.00,0.00,0.56,0.00,1012.38,96.19,88.768
66917,0.00,-0.00,0.00,0.00,0.00,0.74,0.00,1012.37,96.23,88.768
66931,0.00,-0.00,0.00,-0.00,0.00,0.86,0.00,1012.37,96.23,88.768
66943,0.00,-0.00,0.00,-0.00,0.00,0.96,0.00,1012.38,96.18,88.768
66959,0.00,-0.00,0.00,-0.00,0.00,0.76,0.00,1012.38,96.18,88.768
66968,0.00,-0.00,0.00,0.00,0.00,0.62,0.00,1012.38,96.14,88.768
66989,0.00,-0.00,0.00,0.00,0.00,0.25,0.00,1012.38,96.05,88.768
67005,0.00,-0.00,-0.00,0.00,0.00,-0.17,0.00,1012.39,96.05,88.768
67019,0.00,-0.00,-0.00,0.00,0.00,-0.40,0.00,1012.39,96.07,88.768
67036,0.00,-0.00,-0.00,0.00,0.00,-0.61,0.00,1012.39,96.07,88.768
67046,0.00,-0.00,-0.00,0.00,0.00,-0.75,0.00,1012.40,96.03,88.768
67060,0.00,-0.00,-0.00,0.00,0.00,-0.97,0.00,1012.40,96.03,88.768
67071,0.00,-0.00,-0.00,0.00,0.00,-1.15,0.00,1012.41,95.96,88.768
67087,0.00,-0.00,-0.00,0.00,0.00,-1.29,0.00,1012.41,95.96,88.768
67097,0.00,-0.00,-0.00,0.00,0.00,-1.33,0.00,1012.40,96.02,88.768
67111,0.00,-0.00,-0.00,0.00,0.00,-1.06,0.00,1012.40,96.02,88.768
67123,0.00,-0.00,-0.00,0.00,0.00,-1.06,0.00,1012.40,95.98,88.768
67139,0.00,-0.00,-0.00,0.00,0.00,-0.73,0.00,1012.40,95.98,88.768
67148,0.00,-0.00,-0.00,0.00,0.00,-0.41,0.00,1012.40,96.03,88.768
67169,0.00,-0.00,-0.00,0.00,0.00,-0.24,0.00,1012.40,96.08,88.768
67184,0.00,-0.00,-0.00,0.00,0.00,-0.08,0.00,1012.39,96.08,88.768
67196,0.00,-0.00,-0.00,0.00,0.00,0.29,0.00,1012.38,96.14,88.768
67210,0.00,-0.00,-0.00,0.00,0.00,0.64,0.00,1012.38,96.14,88.768
67227,0.00,-0.00,-0.00,0.00,0.00,0.96,0.00,1012.37,96.23,88.768
67240,0.00,-0.00,-0.00,0.00,0.00,1.47,0.00,1012.37,96.23,88.768
67251,0.00,-0.00,-0.00,0.00,0.00,1.63,0.00,1012.38,96.18,88.768
67268,0.00,-0.00,-0.00,0.00,0.00,1.45,0.00,1012.38,96.18,88.768
67277,0.00,-0.00,-0.00,0.00,0.00,1.39,0.00,1012.38,96.16,88.768
67299,0.00,-0.00,-0.00,0.00,0.00,0.84,0.00,1012.38,96.23,88.775
67314,0.00,-0.00,0.00,0.00,0.00,0.58,0.00,1012.37,96.23,88.772
67329,0.00,-0.00,0.00,-0.00,0.00,0.47,0.00,1012.37,96.23,88.779
67344,0.00,-0.00,0.00,-0.00,0.00,0.46,0.00,1012.37,96.23,88.779
67356,0.00,-0.00,0.00,-0.00,0.00,0.35,0.00,1012.38,96.16,88.779
67370,0.00,0.00,0.00,-0.00,0.00,0.31,0.00,1012.38,96.16,88.783
67385,0.00,-0.00,0.00,-0.00,0.00,0.06,0.00,1012.38,96.14,88.789
67400,0.00,-0.00,0.00,-0.00,0.00,-0.14,0.00,1012.38,96.14,88.796
67415,0.00,-0.00,0.00,-0.00,0.00,-0.30,0.00,1012.38,96.14,88.796
67430,0.00,-0.00,0.00,-0.00,0.00,-0.25,0.00,1012.38,96.15,88.796
67446,0.00,-0.00,0.00,-0.00,0.00,-0.22,0.00,1012.38,96.15,88.800
67457,0.00,-0.00,0.00,-0.00,0.00,-0.18,0.00,1012.38,96.19,88.797
67471,0.00,0.00,0.00,-0.00,0.00,-0.07,0.00,1012.38,96.19,88.808
67486,0.00,-0.00,0.00,-0.00,0.00,0.01,0.00,1012.38,96.29,88.808
67501,0.00,-0.00,0.00,-0.00,0.00,0.23,0.00,1012.37,96.29,88.814
67517,0.00,-0.00,0.00,-0.00,0.00,0.29,0.00,1012.38,96.20,88.814
67531,0.00,-0.00,0.00,-0.00,0.00,0.33,0.00,1012.38,96.20,88.814
67541,0.00,0.00,0.00,-0.00,0.00,0.33,0.00,1012.38,96.20,88.814
67558,0.00,0.00,0.00,-0.00,0.00,0.31,0.00,1012.38,96.20,88.818
67568,0.00,0.00,0.00,-0.00,0.00,0.18,0.00,1012.38,96.21,88.818
67581,0.00,-0.00,0.00,-0.00,0.00,0.16,0.00,1012.38,96.21,88.826
67592,0.00,-0.00,0.00,-0.00,0.00,0.16,0.00,1012.38,96.21,88.826
67608,0.00,0.00,0.00,-0.00,0.00,0.14,0.00,1012.38,96.21,88.826
67618,0.00,0.00,0.00,-0.00,0.00,0.03,0.00,1012.39,96.13,88.826
67632,0.00,0.00,0.00,-0.00,0.00,-0.11,0.00,1012.39,96.13,88.833
67643,0.00,0.00,0.00,-0.00,0.00,-0.17,0.00,1012.38,96.17,88.833
67659,0.00,0.00,0.00,-0.00,0.00,-0.18,0.00,1012.38,96.17,88.839
67668,0.00,0.00,0.00,-0.00,0.00,-0.17,0.00,1012.37,96.22,88.839
67690,0.00,0.00,0.00,-0.00,0.00,-0.01,0.00,1012.37,96.21,88.837
67705,0.00,0.00,0.00,-0.00,0.00,0.11,0.00,1012.38,96.21,88.843
67720,0.00,0.00,0.00,-0.00,0.00,0.17,0.00,1012.37,96.24,88.843
67735,0.00,0.00,0.00,-0.00,0.00,0.24,0.00,1012.37,96.24,88.843
67747,0.00,0.00,0.00,-0.00,0.00,0.00,0.00,1012.39,96.06,88.847
67761,0.00,0.00,0.00,-0.00,0.00,-0.29,0.00,1012.39,96.06,88.847
67771,0.00,0.00,0.00,-0.00,0.00,-0.38,0.00,1012.38,96.15,88.847
67786,0.00,0.00,0.00,-0.00,0.00,-0.52,0.00,1012.38,96.15,88.853
67797,0.00,0.00,0.00,-0.00,0.00,-0.85,0.00,1012.39,96.05,88.853
67811,0.00,0.00,0.00,-0.00,0.00,-0.82,0.00,1012.39,96.05,88.853
67821,0.00,0.00,0.00,-0.00,0.00,-0.70,0.00,1012.39,96.10,88.851
67837,0.00,0.00,0.00,-0.00,0.00,-0.67,0.00,1012.39,96.10,88.851
67848,0.00,0.00,0.00,-0.00,0.00,-0.58,0.00,1012.38,96.15,88.857
67862,0.00,0.00,0.00,-0.00,0.00,-0.25,0.00,1012.38,96.15,88.857
67872,0.00,0.00,0.00,-0.00,0.00,-0.03,0.00,1012.39,96.12,88.864
67887,0.00,0.00,0.00,-0.00,0.00,0.05,0.00,1012.39,96.12,88.864
67902,0.00,0.00,0.00,-0.00,0.00,0.13,0.00,1012.38,96.13,88.861
67918,0.00,0.00,0.00,-0.00,0.00,0.05,0.00,1012.38,96.13,88.861
67928,0.00,0.00,0.00,-0.00,0.00,-0.02,0.00,1012.39,96.12,88.861
67942,0.00,0.00,0.00,-0.00,0.01,-0.01,0.00,1012.39,96.12,88.868
67952,0.00,0.00,0.00,-0.00,0.01,-0.21,0.00,1012.40,95.97,88.868
67969,0.00,0.00,0.00,-0.00,0.01,-0.47,0.00,1012.40,95.97,88.868
67979,0.00,0.00,0.00,-0.00,0.01,-0.65,0.00,1012.39,96.05,88.874
67992,0.00,0.00,0.00,-0.00,0.01,-0.69,0.00,1012.39,96.05,88.874
68003,0.00,0.00,0.00,-0.00,0.01,-0.91,0.00,1012.40,96.01,88.872
68019,0.00,0.00,0.00,-0.00,0.01,-0.76,0.00,1012.40,96.01,88.872
68029,0.00,0.00,0.00,-0.00,0.01,-0.68,0.00,1012.40,96.02,88.878
68043,0.00,0.00,0.00,-0.00,0.01,-0.61,0.00,1012.40,96.02,88.878
68054,0.01,0.00,0.00,-0.00,0.01,-0.43,0.00,1012.39,96.10,88.878
68070,0.01,0.00,0.00,-0.00,0.01,-0.15,0.00,1012.39,96.10,88.878
68079,0.01,0.00,0.00,-0.00,0.01,0.06,0.00,1012.39,96.09,88.878
68101,0.01,0.00,0.00,-0.00,0.01,0.20,0.00,1012.39,96.11,88.882
68116,0.01,0.00,0.00,-0.00,0.01,0.37,0.00,1012.39,96.11,88.889
68131,0.01,0.00,0.00,-0.00,0.01,0.23,0.00,1012.39,96.06,88.889
68146,0.01,0.00,0.00,-0.00,0.01,0.14,0.00,1012.39,96.06,88.886
68158,0.01,0.00,0.00,-0.00,0.01,0.07,0.00,1012.39,96.07,88.886
68172,0.01,0.00,0.00,-0.00,0.01,0.03,0.00,1012.39,96.07,88.893
68188,0.01,0.00,0.00,-0.00,0.01,-0.09,0.00,1012.40,96.04,88.893
68202,0.01,0.00,0.00,-0.00,0.01,-0.10,0.00,1012.40,96.04,88.893
68212,0.01,0.00,0.00,-0.00,0.01,-0.10,0.00,1012.39,96.06,88.893
68227,0.01,0.00,0.00,-0.00,0.01,-0.10,0.00,1012.39,96.06,88.899
68238,0.01,0.00,0.00,-0.00,0.01,-0.22,0.00,1012.40,95.98,88.899
68252,0.01,0.00,0.00,-0.00,0.01,-0.28,0.00,1012.40,95.98,88.897
68262,0.01,0.00,0.00,-0.00,0.01,-0.36,0.00,1012.40,96.00,88.903
68279,0.01,0.00,0.00,-0.00,0.01,-0.40,0.00,1012.40,96.00,88.903
68289,0.01,0.00,0.00,-0.00,0.01,-0.58,0.00,1012.41,95.95,88.903
68303,0.01,0.00,0.00,-0.00,0.01,-0.61,0.00,1012.41,95.95,88.903
68315,0.01,0.00,0.00,-0.00,0.01,-0.66,0.00,1012.41,95.96,88.903
68331,0.01,0.00,0.00,-0.00,0.01,-0.62,0.00,1012.41,95.96,88.903
68340,0.01,0.00,0.00,-0.00,0.01,-0.61,0.00,1012.40,96.00,88.903
68361,0.01,0.00,0.00,-0.00,0.01,-0.37,0.00,1012.40,95.97,88.903
68378,0.01,0.00,-0.00,-0.00,0.01,-0.26,0.00,1012.40,95.97,88.903
68392,0.01,0.00,-0.00,-0.00,0.01,-0.18,0.00,1012.40,95.97,88.903
68409,0.01,0.00,0.00,-0.00,0.01,-0.12,0.00,1012.40,95.97,88.903
68419,0.01,0.00,0.00,-0.00,0.01,-0.13,0.00,1012.40,95.98,88.903
68433,0.01,0.00,0.00,-0.00,0.01,-0.17,0.00,1012.40,95.98,88.903
68445,0.01,0.00,0.00,-0.00,0.01,-0.19,0.00,1012.41,95.94,88.903
68461,0.01,0.01,0.00,-0.00,0.01,-0.22,0.00,1012.41,95.94,88.903
68470,0.01,0.01,0.00,-0.00,0.01,-0.13,0.00,1012.40,96.02,88.903
68492,0.01,0.01,0.00,-0.00,0.01,-0.04,0.00,1012.40,96.08,88.903
68507,0.01,0.01,0.00,-0.00,0.01,0.12,0.00,1012.39,96.08,88.903
68522,0.01,0.01,0.00,-0.00,0.01,0.18,0.00,1012.40,96.01,88.903
68538,0.01,0.01,0.00,-0.00,0.01,0.26,0.00,1012.40,96.01,88.903
68549,0.01,0.01,0.00,-0.00,0.01,0.18,0.00,1012.40,95.99,88.903
68563,0.01,0.01,0.00,-0.01,0.01,0.14,0.00,1012.40,95.99,88.903
68573,0.01,0.01,0.00,-0.01,0.01,0.04,0.00,1012.40,96.04,88.903
68590,0.01,0.01,0.00,-0.01,0.01,0.08,0.00,1012.40,96.04,88.903
68600,0.01,0.01,0.00,-0.01,0.01,0.20,0.00,1012.39,96.09,88.903
68614,0.01,0.01,0.00,-0.00,0.01,0.35,0.00,1012.39,96.09,88.903
68626,0.01,0.01,0.00,-0.00,0.01,0.43,0.00,1012.40,96.04,88.903
68642,0.01,0.01,0.00,-0.00,0.01,0.37,0.00,1012.40,96.04,88.903
68651,0.01,0.01,0.00,-0.00,0.01,0.35,0.00,1012.40,96.03,88.903
68672,0.01,0.01,0.00,-0.01,0.01,0.19,0.00,1012.40,96.09,88.903
68687,0.01,0.01,0.00,-0.01,0.01,0.16,0.00,1012.39,96.09,88.903
68702,0.01,0.01,0.00,-0.00,0.01,0.30,0.00,1012.38,96.17,88.903
68718,0.01,0.01,0.00,-0.00,0.01,0.49,0.00,1012.38,96.17,88.903
68729,0.01,0.01,0.00,-0.00,0.01,0.57,0.00,1012.39,96.11,88.903
68743,0.01,0.01,0.00,-0.01,0.01,0.71,0.00,1012.39,96.11,88.903
68753,0.01,0.01,0.00,-0.01,0.01,0.69,0.00,1012.39,96.09,88.903
68769,0.01,0.01,0.00,-0.01,0.01,0.51,0.00,1012.39,96.09,88.903
68780,0.01,0.01,0.00,-0.01,0.01,0.22,0.00,1012.39,96.06,88.903
68794,0.01,0.01,0.00,-0.01,0.01,0.05,0.00,1012.39,96.06,88.903
68805,0.01,0.01,0.00,-0.01,0.01,0.12,0.00,1012.38,96.16,88.903
68821,0.01,0.01,0.00,-0.01,0.01,0.22,0.00,1012.38,96.16,88.903
68831,0.01,0.01,0.00,-0.01,0.01,0.19,0.00,1012.39,96.08,88.903
68845,0.01,0.01,0.00,-0.01,0.01,0.21,0.00,1012.39,96.08,88.903
68857,0.01,0.01,0.00,-0.01,0.01,0.31,0.00,1012.39,96.11,88.903
68873,0.01,0.01,0.00,-0.01,0.01,0.16,0.00,1012.39,96.11,88.903
68881,0.01,0.01,0.00,-0.01,0.01,0.02,0.00,1012.39,96.10,88.903
68903,0.01,0.01,0.00,-0.01,0.01,0.04,0.00,1012.39,96.16,88.903
68918,0.01,0.01,0.00,-0.01,0.01,0.13,0.00,1012.38,96.16,88.903
68933,0.01,0.01,0.00,-0.01,0.01,0.20,0.00,1012.38,96.19,88.903
68949,0.01,0.01,0.00,-0.01,0.01,0.30,0.00,1012.38,96.19,88.903
68960,0.01,0.01,0.00,-0.01,0.01,0.49,0.00,1012.37,96.24,88.903
68974,0.01,0.01,0.00,-0.01,0.01,0.76,0.00,1012.37,96.24,88.903
68984,0.01,0.01,0.00,-0.01,0.01,0.58,0.00,1012.39,96.09,88.903
69000,0.01,0.01,0.00,-0.01,0.01,0.32,0.00,1012.39,96.09,88.903
69010,0.01,0.01,0.00,-0.01,0.01,0.14,0.00,1012.39,96.11,88.903
69024,0.01,0.01,0.00,-0.01,0.01,-0.14,0.00,1012.39,96.11,88.903
69036,0.01,0.01,0.00,-0.01,0.01,-0.57,0.00,1012.39,96.06,88.903
69052,0.01,0.01,0.00,-0.01,0.01,-0.48,0.00,1012.39,96.06,88.903
69061,0.01,0.01,0.00,-0.01,0.01,-0.55,0.00,1012.40,96.04,88.903
69083,0.01,0.01,0.00,-0.01,0.01,-0.53,0.00,1012.40,96.03,88.903
69098,0.01,0.01,0.00,-0.01,0.01,-0.63,0.00,1012.40,96.03,88.903
69113,0.01,0.01,-0.00,-0.01,0.01,-0.47,0.00,1012.39,96.08,88.903
69129,0.01,0.01,-0.00,-0.01,0.01,-0.38,0.00,1012.39,96.08,88.903
69140,0.01,0.01,-0.00,-0.01,0.02,-0.46,0.00,1012.41,95.95,88.903
69154,0.01,0.01,-0.00,-0.01,0.02,-0.62,0.00,1012.41,95.95,88.903
69165,0.01,0.01,-0.00,-0.01,0.02,-0.62,0.00,1012.40,96.00,88.903
69182,0.01,0.01,-0.00,-0.01,0.02,-0.69,0.00,1012.40,96.00,88.903
69191,0.01,0.01,-0.00,-0.01,0.02,-0.70,0.00,1012.39,96.05,88.903
69213,0.01,0.01,-0.00,-0.01,0.02,-0.34,0.00,1012.39,95.98,88.903
69228,0.01,0.01,-0.00,-0.01,0.02,-0.21,0.00,1012.40,95.98,88.903
69243,0.01,0.01,-0.00,-0.01,0.02,-0.08,0.00,1012.40,96.04,88.903
69258,0.01,0.01,-0.00,-0.01,0.02,0.00,0.00,1012.40,96.04,88.903
69270,0.01,0.01,-0.00,-0.01,0.02,-0.20,0.00,1012.41,95.92,88.903
69284,0.01,0.01,0.00,-0.01,0.02,-0.45,0.00,1012.41,95.92,88.903
69294,0.01,0.01,0.00,-0.01,0.02,-0.62,0.00,1012.41,95.90,88.903
69311,0.01,0.01,0.00,-0.01,0.02,-0.88,0.00,1012.41,95.90,88.903
69321,0.01,0.01,0.00,-0.01,0.02,-1.13,0.00,1012.41,95.91,88.903
69335,0.01,0.01,0.00,-0.01,0.02,-1.01,0.00,1012.41,95.91,88.903
69347,0.01,0.01,0.00,-0.01,0.02,-0.78,0.00,1012.40,95.98,88.903
69363,0.01,0.01,0.00,-0.01,0.02,-0.38,0.00,1012.40,95.98,88.903
69372,0.01,0.01,0.00,-0.01,0.02,-0.01,0.00,1012.40,96.02,88.903
69394,0.01,0.01,0.00,-0.01,0.02,0.26,0.00,1012.40,95.85,88.903
69409,0.01,0.01,0.00,-0.01,0.02,0.11,0.00,1012.42,95.85,88.903
69424,0.01,0.01,-0.00,-0.01,0.02,-0.01,0.00,1012.41,95.94,88.903
69440,0.01,0.01,-0.00,-0.01,0.02,-0.11,0.00,1012.41,95.94,88.903
69451,0.01,0.01,0.00,-0.01,0.02,-0.25,0.00,1012.41,95.94,88.903
69465,0.01,0.01,-0.00,-0.01,0.02,-0.39,0.00,1012.41,95.94,88.975
69475,-0.00,0.01,0.01,-0.02,0.02,-0.06,0.00,1012.40,95.99,89.522
69492,0.00,0.00,0.01,-0.01,0.02,0.04,0.00,1012.40,95.99,90.048
69502,0.00,0.01,0.01,-0.02,0.02,-0.01,0.00,1012.41,95.91,90.083
69516,-0.01,0.02,0.01,-0.03,0.02,-0.06,0.00,1012.41,95.91,90.145
69528,-0.01,0.04,0.02,-0.04,0.02,-0.07,0.00,1012.41,95.94,90.210
69544,0.00,0.05,0.02,-0.05,0.02,-0.15,0.00,1012.41,95.94,90.426
6959786,0.12,0.09,0.45,-0.42,0.03,0.31,0.00,1012.40,96.04,80.750
69802,0.13,0.09,0.45,-0.42,0.04,0.24,0.00,1012.40,96.04,81.063
69812,0.12,0.08,0.44,-0.40,0.04,0.26,0.00,1012.39,96.09,81.332
69826,0.11,0.08,0.43,-0.38,0.04,0.29,0.00,1012.39,96.09,81.730
69838,0.10,0.07,0.40,-0.34,0.04,0.36,0.00,1012.39,96.09,81.836
69854,0.08,0.06,0.37,-0.31,0.04,0.37,0.00,1012.39,96.09,81.878
69863,0.08,0.05,0.34,-0.27,0.04,0.41,0.00,1012.39,96.06,81.878
69885,0.07,0.04,0.29,-0.23,0.04,0.27,0.00,1012.39,96.27,81.544
69900,0.07,0.04,0.26,-0.20,0.04,0.49,0.00,1012.37,96.27,81.401
69915,0.07,0.04,0.25,-0.20,0.05,0.83,0.00,1012.37,96.29,81.171
69931,0.07,0.04,0.25,-0.20,0.05,1.32,0.00,1012.37,96.29,81.088
69942,0.07,0.04,0.23,-0.18,0.05,1.85,0.00,1012.36,96.32,80.981
69956,0.07,0.03,0.20,-0.16,0.05,2.54,0.00,1012.36,96.32,80.539
69967,0.07,0.03,0.17,-0.13,0.05,2.65,0.00,1012.36,96.31,80.150
69984,0.08,0.03,0.16,-0.13,0.05,2.36,0.00,1012.36,96.31,79.706
69993,0.08,0.03,0.16,-0.13,0.05,2.09,0.00,1012.36,96.31,79.263
70015,0.09,0.03,0.17,-0.14,0.05,1.23,0.00,1012.36,96.28,78.242
70030,0.09,0.03,0.16,-0.14,0.05,0.72,0.00,1012.37,96.28,77.988
70045,0.09,0.03,0.15,-0.13,0.06,0.55,0.00,1012.36,96.36,77.579
70061,0.09,0.03,0.13,-0.11,0.06,0.51,0.00,1012.36,96.36,77.452
70072,0.09,0.02,0.11,-0.09,0.06,0.44,0.00,1012.36,96.35,77.363
70086,0.09,0.01,0.09,-0.06,0.06,0.47,0.00,1012.36,96.35,77.284
70097,0.08,0.01,0.07,-0.04,0.06,0.63,0.00,1012.36,96.38,77.305
70114,0.07,-0.00,0.05,-0.02,0.06,0.55,0.00,1012.36,96.38,77.382
70123,0.07,-0.01,0.04,0.01,0.06,0.66,0.00,1012.35,96.43,77.522
70145,0.06,-0.01,-0.00,0.04,0.06,0.67,0.00,1012.35,96.43,78.225
70160,0.05,-0.02,-0.05,0.08,0.06,0.77,0.00,1012.35,96.43,78.500
70176,0.05,-0.03,-0.10,0.12,0.07,0.62,0.00,1012.35,96.38,79.095
70190,0.05,-0.03,-0.14,0.16,0.07,0.55,0.00,1012.35,96.38,79.420
70202,0.05,-0.04,-0.19,0.20,0.07,0.30,0.00,1012.36,96.35,79.779
70216,0.04,-0.04,-0.24,0.24,0.07,0.10,0.00,1012.36,96.35,80.636
70227,0.04,-0.05,-0.30,0.28,0.07,0.04,0.00,1012.35,96.44,81.072
70244,0.03,-0.05,-0.36,0.33,0.07,0.13,0.00,1012.35,96.44,81.451
70253,0.03,-0.06,-0.42,0.37,0.07,0.12,0.00,1012.35,96.38,81.739
70275,0.03,-0.06,-0.48,0.41,0.07,0.14,0.00,1012.35,96.42,82.099
70290,0.03,-0.06,-0.52,0.43,0.07,0.23,0.00,1012.35,96.42,82.117
70306,0.02,-0.06,-0.55,0.44,0.07,0.34,0.00,1012.33,96.55,82.141
70321,0.02,-0.05,-0.55,0.44,0.07,0.53,0.00,1012.33,96.55,82.160
70332,0.01,-0.05,-0.54,0.44,0.07,0.91,0.00,1012.33,96.60,82.192
70347,0.01,-0.05,-0.53,0.42,0.07,1.44,0.00,1012.33,96.60,82.339
70358,0.01,-0.05,-0.52,0.41,0.07,1.72,0.00,1012.33,96.55,82.426
70374,0.01,-0.05,-0.51,0.41,0.07,1.66,0.00,1012.33,96.55,82.523
70384,0.02,-0.05,-0.51,0.40,0.07,1.78,0.00,1012.33,96.62,82.619
70398,0.02,-0.04,-0.51,0.39,0.07,1.51,0.00,1012.33,96.62,82.816
70410,0.02,-0.04,-0.51,0.39,0.07,1.11,0.00,1012.33,96.56,82.930
70426,0.02,-0.04,-0.51,0.39,0.07,0.74,0.00,1012.33,96.56,83.230
70435,0.03,-0.05,-0.50,0.39,0.07,0.45,0.00,1012.34,96.49,83.423
70456,0.03,-0.05,-0.49,0.38,0.07,-0.06,0.00,1012.34,96.50,83.881
70472,0.03,-0.04,-0.49,0.38,0.07,-0.39,0.00,1012.34,96.50,84.144
70487,0.03,-0.04,-0.49,0.38,0.07,-0.50,0.00,1012.34,96.46,84.691
70503,0.03,-0.04,-0.51,0.39,0.07,-0.63,0.00,1012.34,96.46,84.939
70514,0.03,-0.05,-0.52,0.40,0.07,-0.55,0.00,1012.34,96.47,85.166
70528,0.03,-0.05,-0.54,0.41,0.07,-0.54,0.00,1012.34,96.47,85.589
70540,0.03,-0.04,-0.56,0.42,0.08,-0.61,0.00,1012.35,96.44,85.808
70555,0.03,-0.04,-0.58,0.43,0.08,-0.55,0.00,1012.35,96.44,86.188
70565,0.04,-0.04,-0.59,0.43,0.08,-0.41,0.00,1012.34,96.50,86.188
70578,0.04,-0.04,-0.59,0.43,0.08,-0.25,0.00,1012.34,96.50,86.472
70590,0.04,-0.04,-0.60,0.43,0.08,0.04,0.00,1012.33,96.59,86.557
70606,0.04,-0.04,-0.61,0.43,0.08,0.37,0.00,1012.33,96.59,86.595
70615,0.04,-0.04,-0.61,0.44,0.08,0.96,0.00,1012.32,96.66,86.595
70636,0.04,-0.04,-0.62,0.44,0.08,1.11,0.00,1012.32,96.64,86.480
70652,0.05,-0.04,-0.63,0.45,0.08,1.32,0.00,1012.32,96.64,86.450
70667,0.05,-0.04,-0.63,0.45,0.08,1.16,0.00,1012.33,96.62,86.467
70682,0.05,-0.04,-0.64,0.46,0.08,1.12,0.00,1012.33,96.62,86.515
70697,0.05,-0.04,-0.65,0.47,0.08,0.95,0.00,1012.32,96.70,86.604
70713,0.05,-0.05,-0.66,0.48,0.08,0.94,0.00,1012.32,96.70,86.685
70724,0.04,-0.05,-0.67,0.48,0.08,0.90,0.00,1012.32,96.69,86.779
70738,0.04,-0.05,-0.68,0.49,0.08,0.91,0.00,1012.32,96.69,86.977
70749,0.04,-0.05,-0.68,0.49,0.08,0.84,0.00,1012.32,96.65,87.063
70765,0.04,-0.05,-0.67,0.49,0.09,0.54,0.00,1012.32,96.65,87.141
70775,0.04,-0.05,-0.67,0.49,0.09,0.14,0.00,1012.33,96.58,87.221
70789,0.05,-0.05,-0.66,0.48,0.09,-0.19,0.00,1012.33,96.58,87.355
70801,0.05,-0.05,-0.64,0.47,0.09,-0.63,0.00,1012.34,96.53,87.389
70817,0.05,-0.05,-0.63,0.46,0.09,-0.78,0.00,1012.34,96.53,87.331
70826,0.06,-0.05,-0.63,0.46,0.09,-1.11,0.00,1012.34,96.52,87.269
70847,0.06,-0.05,-0.63,0.46,0.09,-0.97,0.00,1012.34,96.54,87.136
70863,0.06,-0.05,-0.63,0.46,0.09,-0.95,0.00,1012.34,96.54,87.073
70878,0.06,-0.05,-0.63,0.46,0.09,-0.68,0.00,1012.33,96.56,86.963
71128,-0.02,-0.04,-0.23,0.22,0.10,-0.73,0.00,1012.36,96.36,86.165
71137,-0.02,-0.04,-0.21,0.21,0.09,-1.07,0.00,1012.36,96.34,86.135
71158,-0.02,-0.04,-0.19,0.20,0.09,-1.04,0.00,1012.36,96.40,86.117
71174,-0.01,-0.04,-0.18,0.19,0.09,-0.97,0.00,1012.35,96.40,86.135
71188,-0.01,-0.04,-0.17,0.18,0.09,-0.78,0.00,1012.36,96.38,86.222
71205,-0.00,-0.04,-0.15,0.17,0.09,-0.63,0.00,1012.36,96.38,86.254
71215,0.00,-0.04,-0.14,0.17,0.09,-0.34,0.00,1012.35,96.41,86.285
71229,-0.00,-0.04,-0.12,0.16,0.09,-0.11,0.00,1012.35,96.41,86.364
71241,-0.00,-0.04,-0.10,0.15,0.09,-0.10,0.00,1012.35,96.39,86.407
71257,-0.01,-0.04,-0.09,0.15,0.09,-0.04,0.00,1012.35,96.39,86.600
71266,-0.01,-0.04,-0.09,0.15,0.09,-0.03,0.00,1012.36,96.37,86.600
71288,-0.01,-0.04,-0.10,0.15,0.09,-0.10,0.00,1012.36,96.37,86.900
71303,-0.01,-0.04,-0.10,0.16,0.09,-0.15,0.00,1012.36,96.37,86.994
71318,-0.01,-0.04,-0.11,0.16,0.09,-0.16,0.00,1012.36,96.35,87.170
71334,-0.01,-0.04,-0.11,0.16,0.09,-0.19,0.00,1012.36,96.35,87.269
71345,-0.01,-0.04,-0.10,0.16,0.09,-0.12,0.00,1012.35,96.41,87.382
71359,-0.00,-0.05,-0.10,0.16,0.09,-0.06,0.00,1012.35,96.41,87.623
71371,0.00,-0.05,-0.12,0.16,0.09,0.03,0.00,1012.35,96.43,87.726
71387,0.01,-0.05,-0.13,0.17,0.09,0.14,0.00,1012.35,96.43,87.874
71396,0.02,-0.05,-0.15,0.18,0.09,0.47,0.00,1012.33,96.55,87.874
71418,0.03,-0.05,-0.17,0.19,0.09,0.61,0.00,1012.33,96.46,88.046
71433,0.04,-0.05,-0.19,0.20,0.09,0.65,0.00,1012.35,96.46,88.116
71448,0.06,-0.05,-0.21,0.21,0.10,0.57,0.00,1012.35,96.44,88.296
71464,0.07,-0.05,-0.24,0.23,0.10,0.53,0.00,1012.35,96.44,88.437
71475,0.09,-0.05,-0.28,0.25,0.10,0.31,0.00,1012.35,96.43,88.625
71489,0.11,-0.06,-0.32,0.28,0.10,0.07,0.00,1012.35,96.43,89.248
71501,0.14,-0.06,-0.37,0.31,0.10,0.06,0.00,1012.34,96.47,90.071
71517,0.17,-0.06,-0.43,0.34,0.10,0.09,0.00,1012.34,96.47,91.462
71527,0.21,-0.05,-0.55,0.38,0.11,0.10,0.00,1012.35,96.45,93.533
71541,0.25,-0.04,-0.76,0.47,0.11,0.12,0.00,1012.35,96.45,99.679
71553,0.28,-0.02,-0.99,0.55,0.11,0.10,0.00,1012.35,96.42,103.038
71568,0.32,-0.01,-1.25,0.65,0.12,0.01,0.00,1012.35,96.42,109.666
71578,0.36,0.02,-1.53,0.76,0.12,-0.11,0.00,1012.35,96.39,112.809
71593,0.38,0.05,-1.84,0.87,0.13,-0.19,0.00,1012.35,96.39,115.736
71605,0.40,0.08,-2.17,0.98,0.13,-0.39,0.00,1012.36,96.32,118.337
71619,0.40,0.12,-2.50,1.11,0.14,-0.52,0.02,1012.36,96.32,122.333
71629,0.37,0.16,-2.77,1.18,0.14,-0.65,0.02,1012.36,96.36,123.673
71646,0.33,0.21,-3.02,1.24,0.15,-0.62,0.04,1012.36,96.36,124.594
71656,0.29,0.26,-3.24,1.29,0.15,-0.63,0.04,1012.36,96.36,125.107
71670,0.24,0.31,-3.41,1.32,0.15,-0.49,0.06,1012.36,96.36,125.232
71681,0.19,0.37,-3.57,1.35,0.16,-0.29,0.06,1012.35,96.41,124.974
71697,0.14,0.43,-3.72,1.37,0.16,-0.13,0.08,1012.35,96.41,124.242
71707,0.09,0.50,-3.88,1.41,0.16,-0.10,0.08,1012.36,96.37,124.242
71722,0.07,0.57,-4.05,1.45,0.16,-0.05,0.10,1012.36,96.37,123.511
71734,0.05,0.64,-4.22,1.50,0.16,-0.01,0.12,1012.35,96.38,123.208
71749,0.05,0.72,-4.39,1.54,0.16,-0.05,0.14,1012.35,96.38,122.712
71758,-0.08,0.81,-4.29,1.38,0.16,-0.09,0.14,1012.35,96.38,122.267
71779,-0.21,0.89,-4.11,1.17,0.16,-0.04,0.17,1012.35,96.36,123.906
71794,0.00,0.98,-4.40,1.39,0.16,-0.03,0.19,1012.36,96.36,124.949
71806,0.17,0.95,-5.50,1.94,0.16,-0.05,0.21,1012.36,96.33,124.885
71820,0.20,0.85,-7.60,2.98,0.16,-0.10,0.26,1012.36,96.33,115.127
71837,1.09,0.52,-4.09,2.74,0.18,-0.25,0.30,1012.37,96.23,108.997
71851,2.30,0.28,0.56,2.10,0.21,-0.48,0.33,1012.37,96.23,108.459
71863,3.87,-0.14,4.05,2.04,0.25,-0.96,0.35,1012.39,96.12,108.518
71878,4.88,-0.32,6.42,1.66,0.34,-1.43,0.38,1012.39,96.12,108.989
71888,4.33,-0.41,6.76,1.19,0.38,-2.70,0.38,1012.40,95.97,108.989
71902,4.10,-0.36,5.76,1.10,0.43,-3.76,0.39,1012.40,95.97,109.698
71921,3.87,-0.31,4.53,1.16,0.48,-5.53,0.39,1012.42,95.82,110.081
71938,3.59,-0.24,3.10,1.28,0.57,-5.21,0.43,1012.42,95.81,110.806
71952,3.19,-0.16,2.06,1.29,0.61,-5.49,0.44,1012.42,95.81,111.275
71968,2.91,-0.11,0.98,1.40,0.66,-4.48,0.47,1012.43,95.76,111.915
71983,2.65,-0.08,-0.30,1.63,0.70,-3.80,0.49,1012.43,95.76,112.121
71995,2.40,-0.07,-1.56,1.89,0.72,-2.38,0.51,1012.42,95.82,112.050
72010,2.22,-0.07,-2.46,2.12,0.76,-1.49,0.55,1012.42,95.82,110.714
72019,2.29,-0.09,-2.49,2.20,0.78,-0.73,0.57,1012.41,95.88,109.522
72040,2.48,-0.10,-2.05,2.12,0.83,0.04,0.61,1012.41,95.74,106.875
72056,2.80,-0.10,-1.47,2.00,0.88,0.11,0.64,1012.43,95.74,105.775
72070,3.13,-0.10,-0.84,1.84,0.92,-0.18,0.67,1012.43,95.72,104.650
72087,3.29,-0.07,-0.53,1.71,0.98,-0.42,0.70,1012.43,95.72,104.575
72097,3.31,-0.06,-0.70,1.75,1.01,-0.74,0.71,1012.43,95.73,104.710
72111,3.27,-0.06,-0.90,1.81,1.06,-1.07,0.74,1012.43,95.73,105.149
72123,3.21,-0.07,-1.10,1.87,1.09,-1.21,0.76,1012.44,95.64,105.269
72139,3.13,-0.07,-1.24,1.91,1.15,-1.21,0.79,1012.44,95.64,105.151
72148,3.08,-0.07,-1.27,1.90,1.17,-1.11,0.81,1012.44,95.71,105.151
72170,3.04,-0.06,-1.28,1.89,1.24,-0.77,0.85,1012.44,95.77,104.781
72185,3.04,-0.06,-1.25,1.87,1.28,-0.53,0.88,1012.43,95.77,104.719
72330,2.93,-0.07,-1.43,1.91,1.72,1.52,1.15,1012.40,95.99,102.896
72346,2.94,-0.07,-1.46,1.93,1.76,2.70,1.18,1012.40,95.99,102.444
72357,2.95,-0.08,-1.47,1.93,1.80,2.69,1.20,1012.41,95.92,101.974
72371,2.95,-0.08,-1.47,1.93,1.84,2.94,1.23,1012.41,95.92,101.030
72382,2.95,-0.08,-1.43,1.90,1.87,2.13,1.25,1012.42,95.80,100.586
72398,2.94,-0.08,-1.39,1.87,1.92,0.85,1.28,1012.42,95.80,100.170
72408,2.93,-0.08,-1.35,1.84,1.95,-0.12,1.30,1012.42,95.86,99.771
72422,2.93,-0.09,-1.32,1.82,1.99,-0.46,1.32,1012.42,95.86,99.080
72434,2.93,-0.09,-1.30,1.80,2.02,-0.58,1.34,1012.41,95.90,98.789
72450,2.94,-0.09,-1.28,1.78,2.07,-0.07,1.37,1012.41,95.90,98.330
72459,2.93,-0.09,-1.27,1.77,2.10,0.43,1.39,1012.41,95.95,98.330
72480,2.92,-0.08,-1.26,1.75,2.16,0.51,1.42,1012.41,95.99,97.807
72495,2.91,-0.08,-1.25,1.72,2.20,0.74,1.45,1012.40,95.99,97.673
72511,2.91,-0.08,-1.23,1.70,2.25,0.40,1.48,1012.42,95.83,97.531
72526,2.92,-0.08,-1.21,1.68,2.29,0.18,1.50,1012.42,95.83,97.492
72537,2.93,-0.07,-1.20,1.67,2.32,-0.27,1.52,1012.43,95.77,97.456
72552,2.94,-0.07,-1.21,1.65,2.37,-0.72,1.55,1012.43,95.77,97.391
72563,2.94,-0.06,-1.21,1.64,2.40,-1.40,1.56,1012.43,95.72,97.366
72579,2.93,-0.06,-1.21,1.62,2.45,-1.53,1.59,1012.43,95.72,97.344
72589,2.92,-0.05,-1.20,1.61,2.47,-1.54,1.59,1012.43,95.77,97.324
72603,2.91,-0.05,-1.19,1.59,2.52,-1.17,1.61,1012.43,95.77,97.304
72615,2.91,-0.05,-1.19,1.58,2.55,-1.12,1.63,1012.44,95.71,97.303
72631,2.91,-0.04,-1.19,1.56,2.60,-0.78,1.66,1012.44,95.71,97.304
72640,2.91,-0.04,-1.18,1.55,2.62,-0.64,1.66,1012.44,95.71,97.306
72661,2.91,-0.04,-1.18,1.54,2.69,-0.55,1.69,1012.44,95.72,97.350
72677,2.90,-0.04,-1.19,1.53,2.73,-0.57,1.71,1012.43,95.72,97.352
72691,2.89,-0.04,-1.20,1.54,2.78,-0.39,1.74,1012.43,95.74,97.181
72708,2.88,-0.05,-1.23,1.56,2.82,-0.27,1.76,1012.43,95.74,96.946
72718,2.87,-0.05,-1.26,1.57,2.85,-0.21,1.78,1012.44,95.70,96.608
72732,2.86,-0.06,-1.29,1.59,2.89,-0.20,1.80,1012.44,95.70,95.687
72744,2.88,-0.05,-1.29,1.58,2.93,-0.37,1.82,1012.45,95.60,95.222
72760,2.90,-0.05,-1.27,1.55,2.97,-0.61,1.84,1012.45,95.60,94.721
72769,2.94,-0.05,-1.19,1.50,3.00,-0.41,1.84,1012.43,95.79,94.721
72791,2.94,-0.05,-1.16,1.47,3.07,-0.09,1.88,1012.43,95.74,95.175
72806,2.94,-0.05,-1.18,1.48,3.11,0.00,1.90,1012.43,95.74,95.179
72821,2.95,-0.05,-1.18,1.48,3.15,0.39,1.92,1012.42,95.82,95.308
72838,2.96,-0.06,-1.17,1.47,3.20,0.80,1.95,1012.42,95.82,95.425
72848,2.96,-0.05,-1.14,1.44,3.23,0.89,1.96,1012.41,95.89,95.688
72862,2.96,-0.04,-1.11,1.40,3.28,1.12,1.98,1012.41,95.89,96.608
72874,2.96,-0.04,-1.07,1.38,3.31,0.92,2.00,1012.43,95.74,97.124
72890,2.96,-0.04,-1.04,1.35,3.36,0.54,2.02,1012.43,95.74,98.303
72900,2.96,-0.03,-1.02,1.33,3.38,-0.04,2.02,1012.44,95.65,98.303
72914,2.95,-0.03,-1.00,1.31,3.43,-0.78,2.04,1012.44,95.65,99.595
72926,2.95,-0.03,-0.99,1.30,3.46,-0.99,2.05,1012.43,95.78,100.256
72941,2.95,-0.04,-0.98,1.30,3.51,-0.57,2.07,1012.43,95.78,101.573
72951,2.94,-0.04,-0.98,1.30,3.54,-0.62,2.07,1012.44,95.70,102.248
72966,2.94,-0.04,-0.99,1.30,3.58,-0.30,2.09,1012.44,95.70,102.937
72977,2.94,-0.05,-1.00,1.32,3.61,0.01,2.11,1012.43,95.72,103.613
72992,2.94,-0.05,-1.02,1.35,3.66,-0.22,2.13,1012.43,95.72,104.837
73002,2.94,-0.05,-1.05,1.37,3.69,-0.22,2.13,1012.42,95.80,105.348
73019,2.93,-0.05,-1.08,1.38,3.73,0.10,2.15,1012.42,95.80,105.751
73029,2.93,-0.05,-1.10,1.39,3.76,0.33,2.17,1012.43,95.80,106.085
73043,2.93,-0.05,-1.10,1.40,3.81,0.46,2.19,1012.43,95.80,106.556
73055,2.92,-0.05,-1.09,1.39,3.84,0.57,2.19,1012.43,95.77,106.628
73071,2.93,-0.04,-1.08,1.38,3.89,0.37,2.21,1012.43,95.77,106.648
73080,2.92,-0.04,-1.06,1.36,3.91,0.40,2.21,1012.42,95.85,106.648
73102,2.93,-0.04,-1.03,1.36,3.98,0.38,2.24,1012.42,95.79,106.544
73117,2.93,-0.04,-1.00,1.35,4.02,0.31,2.26,1012.43,95.79,106.540
73132,2.93,-0.05,-0.96,1.33,4.07,0.32,2.28,1012.42,95.82,106.315
73148,2.93,-0.05,-0.90,1.31,4.11,0.37,2.30,1012.42,95.82,106.018
73159,2.94,-0.05,-0.84,1.28,4.14,0.43,2.30,1012.41,95.92,105.612
73173,2.95,-0.05,-0.77,1.25,4.19,0.56,2.32,1012.41,95.92,104.715
73183,2.95,-0.05,-0.69,1.21,4.22,0.96,2.32,1012.40,95.98,104.267
73200,2.94,-0.05,-0.63,1.17,4.27,1.31,2.34,1012.40,95.98,103.816
73210,2.94,-0.05,-0.55,1.14,4.30,1.71,2.34,1012.40,95.98,103.364
73224,2.95,-0.05,-0.49,1.11,4.34,1.68,2.35,1012.40,95.98,102.477
73236,2.95,-0.05,-0.41,1.08,4.37,1.53,2.35,1012.41,95.92,102.017
73252,2.96,-0.05,-0.33,1.04,4.42,0.99,2.37,1012.41,95.92,101.052
73261,2.97,-0.06,-0.24,1.00,4.45,0.72,2.37,1012.41,95.93,101.052
73282,2.97,-0.05,-0.15,0.96,4.51,0.29,2.39,1012.41,95.89,99.545
73297,2.97,-0.05,-0.05,0.90,4.55,-0.03,2.39,1012.41,95.89,99.087
73312,2.97,-0.04,0.05,0.84,4.60,-0.08,2.39,1012.41,95.89,98.046
73328,2.97,-0.03,0.15,0.78,4.65,-0.13,2.39,1012.41,95.89,97.313
73339,2.96,-0.03,0.26,0.71,4.68,-0.20,2.39,1012.42,95.88,96.461
73353,2.97,-0.02,0.36,0.64,4.72,-0.28,2.39,1012.42,95.88,95.215
73364,2.97,-0.00,0.42,0.58,4.75,-0.24,2.39,1012.41,95.90,95.089
73381,2.98,0.01,0.46,0.53,4.80,-0.19,2.39,1012.41,95.90,95.123
73391,2.97,0.01,0.45,0.51,4.83,-0.07,2.39,1012.41,95.95,95.164
73405,2.97,0.02,0.47,0.48,4.87,0.05,2.39,1012.41,95.95,95.212
73417,2.97,0.02,0.50,0.46,4.91,0.19,2.39,1012.41,95.95,95.177
73432,2.97,0.01,0.54,0.45,4.96,0.25,2.39,1012.41,95.95,94.874
73441,2.98,0.01,0.63,0.40,4.98,0.37,2.39,1012.40,95.97,94.736
73463,2.98,0.02,0.69,0.35,5.05,0.31,2.39,1012.40,95.99,94.539
73478,2.98,0.02,0.72,0.33,5.09,0.35,2.39,1012.40,95.99,94.397
73493,2.97,0.02,0.71,0.32,5.14,0.40,2.39,1012.40,96.02,93.980
73754,3.14,0.08,0.34,0.14,5.93,1.57,2.39,1012.36,96.32,83.519
73769,3.13,0.09,0.31,0.13,5.98,2.24,2.39,1012.36,96.32,83.056
73780,3.11,0.09,0.28,0.13,6.01,2.60,2.39,1012.36,96.36,82.629
73794,3.11,0.09,0.26,0.12,6.06,3.16,2.39,1012.36,96.36,82.023
73805,3.10,0.09,0.26,0.10,6.10,2.31,2.39,1012.38,96.18,81.891
73822,3.10,0.09,0.26,0.09,6.15,1.23,2.39,1012.38,96.18,81.847
73831,3.10,0.09,0.25,0.08,6.17,0.93,2.39,1012.36,96.32,81.878
73846,3.10,0.09,0.23,0.08,6.22,0.32,2.39,1012.36,96.32,82.179
73858,3.12,0.09,0.19,0.08,6.25,-0.09,2.39,1012.36,96.32,82.433
73873,3.14,0.09,0.16,0.08,6.31,0.52,2.39,1012.36,96.32,83.039
73882,3.16,0.09,0.10,0.08,6.34,1.06,2.39,1012.36,96.33,83.342
73904,3.18,0.09,0.04,0.09,6.41,0.64,2.39,1012.36,96.40,83.829
73919,3.19,0.09,-0.03,0.10,6.45,0.65,2.39,1012.35,96.40,84.006
73934,3.20,0.09,-0.09,0.11,6.50,0.92,2.39,1012.34,96.51,84.342
73950,3.20,0.09,-0.15,0.12,6.55,1.34,2.39,1012.34,96.51,84.496
73961,3.20,0.09,-0.20,0.13,6.58,1.09,2.39,1012.36,96.36,84.602
73975,3.21,0.09,-0.25,0.13,6.63,1.04,2.39,1012.36,96.36,84.690
73986,3.23,0.08,-0.30,0.14,6.67,0.74,2.39,1012.36,96.34,84.681
74003,3.24,0.08,-0.34,0.15,6.72,0.13,2.39,1012.36,96.34,84.648
74012,3.24,0.09,-0.37,0.15,6.75,-0.47,2.39,1012.36,96.36,84.609
74034,3.24,0.09,-0.38,0.14,6.82,-0.28,2.39,1012.36,96.31,84.614
74049,3.23,0.09,-0.37,0.13,6.87,-0.31,2.39,1012.36,96.31,84.703
74064,3.22,0.09,-0.36,0.12,6.92,-0.21,2.39,1012.36,96.34,85.037
74080,3.21,0.09,-0.34,0.12,6.97,-0.17,2.39,1012.36,96.34,85.265
74091,3.20,0.09,-0.32,0.11,7.00,-0.36,2.39,1012.38,96.21,85.529
74105,3.19,0.09,-0.30,0.09,7.05,-0.65,2.39,1012.38,96.21,86.162
74116,3.17,0.09,-0.28,0.08,7.09,-0.55,2.39,1012.36,96.32,86.515
74133,3.16,0.10,-0.26,0.07,7.14,-0.51,2.39,1012.36,96.32,86.883
74142,3.14,0.10,-0.23,0.05,7.16,-0.48,2.39,1012.36,96.34,87.256
74164,3.14,0.10,-0.21,0.04,7.24,-0.16,2.39,1012.36,96.35,88.265
74179,3.13,0.11,-0.19,0.02,7.28,0.13,2.39,1012.36,96.35,88.535
74194,3.12,0.12,-0.17,0.00,7.33,0.25,2.39,1012.35,96.42,89.032
74210,3.12,0.12,-0.15,-0.02,7.38,0.40,2.39,1012.35,96.42,89.255
74221,3.12,0.13,-0.11,-0.04,7.41,0.72,2.39,1012.34,96.54,89.483
74235,3.11,0.13,-0.08,-0.06,7.46,1.24,2.39,1012.34,96.54,89.902
74247,3.11,0.14,-0.05,-0.08,7.49,1.56,2.39,1012.34,96.50,90.097
74263,3.11,0.15,-0.04,-0.09,7.55,1.61,2.39,1012.34,96.50,90.285
74273,3.11,0.15,-0.03,-0.11,7.57,1.86,2.39,1012.34,96.52,90.438
74286,3.12,0.16,-0.03,-0.12,7.62,1.54,2.39,1012.34,96.52,90.610
74298,3.12,0.16,-0.01,-0.13,7.65,1.11,2.39,1012.34,96.48,90.673
74314,3.12,0.16,0.01,-0.13,7.70,0.69,2.39,1012.34,96.48,90.825
74323,3.12,0.16,0.03,-0.14,7.73,0.54,2.39,1012.34,96.49,90.825
74344,3.12,0.17,0.05,-0.15,7.80,0.20,2.39,1012.34,96.54,91.232
74360,3.11,0.17,0.06,-0.16,7.84,0.12,2.39,1012.34,96.54,91.377
74375,3.12,0.17,0.07,-0.17,7.89,0.25,2.39,1012.33,96.57,91.617
74391,3.12,0.18,0.08,-0.17,7.94,0.40,2.39,1012.33,96.57,91.693
74402,3.12,0.18,0.10,-0.18,7.97,0.57,2.39,1012.33,96.61,91.770
74416,3.11,0.17,0.12,-0.18,8.02,0.82,2.39,1012.33,96.61,91.961
74427,3.11,0.18,0.13,-0.19,8.05,0.77,2.39,1012.34,96.54,92.078
74443,3.10,0.18,0.15,-0.19,8.10,0.62,2.39,1012.34,96.54,92.179
74453,3.10,0.18,0.16,-0.20,8.13,0.30,2.39,1012.35,96.45,92.256
74467,3.09,0.18,0.18,-0.21,8.18,-0.13,2.39,1012.35,96.45,92.284
74479,3.09,0.18,0.20,-0.22,8.21,-0.63,2.39,1012.35,96.42,92.308
74495,3.08,0.18,0.22,-0.23,8.27,-0.77,2.39,1012.35,96.42,92.293
74504,3.07,0.19,0.23,-0.23,8.29,-1.06,2.39,1012.35,96.42,92.220
74525,3.06,0.19,0.24,-0.24,8.36,-0.86,2.39,1012.35,96.43,91.916
74541,3.06,0.19,0.26,-0.24,8.40,-0.79,2.39,1012.35,96.43,91.734
74556,3.05,0.19,0.28,-0.25,8.45,-0.46,2.39,1012.34,96.49,91.463
74572,3.04,0.19,0.32,-0.26,8.50,-0.23,2.39,1012.34,96.49,91.393
74582,3.03,0.18,0.34,-0.26,8.53,-0.07,2.39,1012.34,96.47,91.376
74596,3.02,0.18,0.37,-0.27,8.57,0.05,2.39,1012.34,96.47,91.475
74608,3.02,0.18,0.39,-0.28,8.61,0.03,2.39,1012.35,96.41,91.545
74624,3.02,0.18,0.40,-0.28,8.66,-0.16,2.39,1012.35,96.41,91.653
74634,3.01,0.18,0.42,-0.29,8.69,-0.21,2.39,1012.34,96.47,91.653
74648,3.01,0.18,0.44,-0.30,8.73,-0.16,2.39,1012.34,96.47,91.769
74660,3.01,0.18,0.46,-0.30,8.76,-0.17,2.39,1012.35,96.45,91.851
74675,3.01,0.18,0.47,-0.31,8.81,-0.05,2.39,1012.35,96.45,92.051
74684,3.01,0.19,0.47,-0.31,8.84,-0.14,2.39,1012.36,96.33,92.151
74706,3.01,0.19,0.46,-0.31,8.91,-0.34,2.39,1012.36,96.41,92.223
74721,3.03,0.19,0.42,-0.30,8.95,-0.41,2.39,1012.35,96.41,92.161
74736,3.08,0.20,0.38,-0.29,9.00,-0.43,2.39,1012.35,96.40,92.097
74752,3.17,0.21,0.35,-0.29,9.05,-0.47,2.39,1012.35,96.40,92.143
74763,3.25,0.19,0.25,-0.22,9.08,-0.44,2.39,1012.36,96.34,92.433
74777,3.31,0.18,0.11,-0.15,9.13,-0.43,2.39,1012.36,96.34,93.930
74788,3.36,0.18,-0.08,-0.06,9.16,-0.23,2.39,1012.34,96.48,95.058
74804,3.39,0.19,-0.30,0.04,9.22,0.00,2.39,1012.34,96.48,96.412
74814,3.38,0.21,-0.58,0.16,9.25,0.34,2.39,1012.34,96.53,97.928
74828,3.33,0.24,-0.88,0.30,9.30,0.74,2.39,1012.34,96.53,100.964
74840,3.25,0.27,-1.19,0.44,9.33,1.03,2.39,1012.34,96.48,102.256
74855,3.12,0.30,-1.48,0.58,9.39,0.79,2.39,1012.34,96.48,103.994
74865,2.91,0.34,-1.66,0.63,9.41,0.77,2.39,1012.34,96.49,104.386
74886,2.65,0.37,-1.78,0.65,9.47,0.43,2.39,1012.34,96.56,104.113
74901,2.33,0.41,-1.85,0.63,9.50,0.35,2.39,1012.33,96.56,103.438
74912,1.95,0.44,-1.90,0.61,9.53,0.48,2.39,1012.33,96.58,102.437
74927,1.53,0.46,-1.94,0.61,9.55,0.62,2.39,1012.33,96.58,99.657
74943,1.10,0.48,-2.01,0.63,9.57,0.43,2.39,1012.34,96.47,97.983
74957,0.71,0.50,-2.14,0.71,9.58,0.35,2.39,1012.34,96.47,94.310
74969,0.38,0.52,-2.27,0.80,9.58,0.10,2.39,1012.35,96.46,92.512
74985,0.05,0.53,-2.42,0.90,9.58,-0.16,2.41,1012.35,96.46,89.262
74994,-0.44,0.55,-2.50,0.97,9.58,-0.28,2.41,1012.34,96.53,89.262
75016,-0.93,0.58,-2.54,1.00,9.56,-0.09,2.43,1012.34,96.51,86.142
75031,-1.25,0.61,-2.54,0.98,9.54,0.01,2.43,1012.34,96.51,86.093
75046,-1.32,0.66,-2.56,0.91,9.52,0.16,2.43,1012.34,96.54,87.577
75062,-1.08,0.69,-2.71,0.91,9.50,0.29,2.43,1012.34,96.54,89.429
75073,-0.52,0.77,-2.74,0.80,9.50,0.18,2.43,1012.34,96.50,92.759
75087,0.56,0.83,-3.11,0.81,9.51,0.11,2.43,1012.34,96.50,96.734
75097,2.45,0.76,-3.81,1.11,9.53,0.11,2.43,1012.34,96.52,95.556
75114,3.76,0.81,-3.82,1.02,9.59,0.07,2.45,1012.34,96.52,91.432
75124,7.31,1.43,-2.18,-0.45,9.67,-0.02,2.45,1012.34,96.49,86.713
75138,10.66,1.76,-1.81,-1.12,9.83,-0.03,2.43,1012.34,96.49,91.092
75150,11.31,1.70,-2.47,-0.79,9.94,-0.29,2.43,1012.36,96.32,91.120
75165,10.29,1.56,-2.97,-0.41,10.11,-0.60,2.43,1012.36,96.32,88.577
75175,9.05,1.47,-3.30,-0.17,10.20,-1.78,2.43,1012.39,96.08,88.577
75189,8.27,1.36,-3.26,-0.01,10.31,-3.12,2.43,1012.39,96.08,86.444
75201,8.02,1.27,-3.44,0.17,10.40,-5.92,2.43,1012.41,95.89,86.131
75216,7.86,1.24,-3.81,0.30,10.53,-6.90,2.43,1012.41,95.89,85.889
75247,7.63,1.21,-4.06,0.42,10.77,-6.42,2.43,1012.42,95.86,86.768
75270,7.28,1.21,-4.02,0.41,10.93,-5.22,2.43,1012.42,95.81,87.580
75295,7.80,1.24,-3.65,0.21,11.13,-4.09,2.43,1012.42,95.91,87.333
75317,7.82,1.23,-3.28,0.09,11.31,-2.21,2.43,1012.41,95.91,87.281
75335,7.67,1.21,-3.30,0.12,11.44,-1.72,2.43,1012.44,95.63,87.185
75358,7.57,1.19,-3.29,0.14,11.61,-1.69,2.43,1012.44,95.64,87.225
75380,7.54,1.17,-3.18,0.13,11.78,-1.73,2.43,1012.44,95.64,87.265
75400,7.49,1.15,-3.11,0.12,11.93,-2.06,2.43,1012.46,95.54,87.251
75424,7.46,1.13,-3.04,0.12,12.10,-2.54,2.43,1012.46,95.38,87.159
75447,7.41,1.11,-2.96,0.11,12.28,-2.49,2.43,1012.48,95.38,87.087
75465,7.36,1.09,-2.88,0.10,12.41,-2.47,2.43,1012.47,95.42,87.099
75488,7.32,1.07,-2.82,0.10,12.58,-2.29,2.43,1012.47,95.37,87.047
75510,7.26,1.06,-2.78,0.10,12.74,-2.00,2.43,1012.48,95.37,87.030
75538,7.21,1.04,-2.73,0.10,12.94,-1.67,2.43,1012.47,95.39,86.811
75559,7.13,1.03,-2.69,0.10,13.09,-1.08,2.43,1012.47,95.38,86.620
75582,7.05,1.00,-2.65,0.10,13.25,-0.72,2.43,1012.48,95.38,86.512
75602,6.97,0.99,-2.62,0.11,13.39,-0.57,2.43,1012.48,95.38,86.400
75626,6.88,0.97,-2.58,0.11,13.56,-0.34,2.43,1012.48,95.37,86.304
75648,6.77,0.95,-2.54,0.11,13.71,-0.28,2.43,1012.48,95.46,86.124
75671,6.66,0.94,-2.51,0.11,13.86,-0.11,2.43,1012.47,95.46,86.005
75689,6.54,0.92,-2.48,0.11,13.98,-0.07,2.43,1012.47,95.39,85.898
75711,6.40,0.91,-2.45,0.11,14.12,-0.04,2.43,1012.47,95.44,85.798
75736,6.26,0.89,-2.42,0.11,14.27,0.07,2.43,1012.47,95.44,85.716
75755,6.13,0.88,-2.40,0.12,14.38,0.26,2.43,1012.46,95.52,85.649
75778,5.98,0.86,-2.36,0.12,14.53,0.31,2.43,1012.46,95.54,85.612
75799,5.84,0.85,-2.33,0.12,14.65,0.49,2.43,1012.46,95.54,85.635
75817,5.71,0.84,-2.30,0.12,14.75,0.50,2.43,1012.47,95.44,85.653
75839,5.58,0.82,-2.28,0.13,14.88,0.43,2.43,1012.47,95.44,85.702
75861,5.46,0.81,-2.25,0.13,14.99,0.27,2.43,1012.47,95.44,85.723
75877,5.33,0.80,-2.23,0.12,15.08,-0.04,2.43,1012.48,95.33,85.668
75898,5.21,0.80,-2.20,0.12,15.19,-0.37,2.43,1012.48,95.38,85.502
75921,5.08,0.78,-2.18,0.13,15.31,-0.38,2.43,1012.48,95.38,85.502
75939,4.95,0.76,-2.14,0.13,15.40,-0.45,2.43,1012.48,95.36,85.525
75962,4.82,0.75,-2.11,0.13,15.50,-0.50,2.43,1012.48,95.43,85.553
75986,4.70,0.73,-2.08,0.14,15.62,-0.27,2.43,1012.47,95.43,85.577
76005,4.59,0.72,-2.06,0.14,15.70,-0.15,2.43,1012.47,95.39,85.592
76034,4.47,0.71,-2.03,0.14,15.84,-0.13,2.43,1012.48,95.36,85.557
76058,4.37,0.70,-2.00,0.13,15.95,-0.10,2.43,1012.48,95.23,85.587
76080,4.29,0.69,-1.98,0.14,16.04,-0.22,2.43,1012.49,95.23,85.596
76097,4.21,0.68,-1.96,0.14,16.11,-0.48,2.43,1012.49,95.23,85.585
76120,4.13,0.67,-1.95,0.14,16.21,-0.65,2.43,1012.49,95.31,85.552
76143,4.06,0.65,-1.94,0.16,16.29,-0.68,2.43,1012.48,95.31,85.506
76163,3.97,0.64,-1.93,0.16,16.37,-0.86,2.43,1012.50,95.21,85.461
76188,3.87,0.64,-1.92,0.16,16.47,-0.94,2.43,1012.50,95.15,85.539
76210,3.82,0.63,-1.89,0.16,16.56,-0.95,2.43,1012.50,95.22,85.594
76233,3.85,0.61,-1.79,0.13,16.64,-0.80,2.43,1012.49,95.22,85.606
76253,3.77,0.60,-1.68,0.11,16.72,-0.66,2.43,1012.49,95.29,85.863
76273,3.72,0.60,-1.66,0.10,16.79,-0.41,2.43,1012.49,95.28,86.253
76297,3.65,0.61,-1.61,0.08,16.89,-0.07,2.43,1012.49,95.40,86.947
76320,3.57,0.62,-1.58,0.06,16.97,0.42,2.43,1012.47,95.40,88.353
76337,3.53,0.61,-1.43,0.02,17.02,0.60,2.43,1012.48,95.35,88.708
76360,3.42,0.64,-1.36,-0.02,17.11,0.57,2.43,1012.48,95.56,89.603
76383,3.41,0.62,-1.27,-0.03,17.18,0.93,2.43,1012.45,95.56,89.569
76402,3.42,0.60,-1.19,-0.03,17.25,1.39,2.43,1012.46,95.53,90.152
76427,3.49,0.60,-1.13,-0.04,17.33,1.52,2.43,1012.46,95.49,90.280
76450,3.57,0.57,-1.03,-0.04,17.42,1.43,2.43,1012.46,95.49,90.771
76467,3.55,0.59,-0.93,-0.07,17.48,1.17,2.43,1012.48,95.36,90.946
76490,3.52,0.59,-0.82,-0.11,17.56,0.50,2.43,1012.48,95.44,91.642
76513,3.40,0.57,-0.75,-0.10,17.63,0.12,2.43,1012.47,95.44,92.134
76532,3.25,0.54,-0.70,-0.09,17.70,-0.11,2.43,1012.46,95.48,92.409
76551,3.12,0.52,-0.67,-0.08,17.76,-0.16,2.43,1012.46,95.58,92.436
76575,3.02,0.50,-0.64,-0.07,17.82,0.36,2.43,1012.45,95.58,92.191
76595,2.92,0.49,-0.58,-0.08,17.88,0.75,2.43,1012.45,95.55,91.816
76618,2.82,0.49,-0.52,-0.09,17.95,1.11,2.43,1012.44,95.69,91.093
76641,2.72,0.48,-0.47,-0.09,18.02,1.35,2.43,1012.44,95.55,90.394
76663,2.66,0.47,-0.48,-0.09,18.07,1.17,2.43,1012.45,95.55,89.379
76684,2.63,0.46,-0.50,-0.07,18.12,0.83,2.43,1012.46,95.53,88.010
76708,2.58,0.45,-0.58,-0.05,18.19,0.59,2.43,1012.46,95.54,86.135
76731,2.50,0.45,-0.67,-0.03,18.25,0.16,2.43,1012.46,95.64,82.641
76753,2.45,0.45,-0.75,-0.00,18.30,-0.11,2.43,1012.44,95.64,80.618
76773,2.40,0.43,-0.86,0.04,18.35,0.35,2.43,1012.43,95.80,79.317
76798,2.42,0.40,-1.01,0.10,18.41,1.13,2.43,1012.41,95.93,78.758
76821,2.45,0.37,-1.16,0.15,18.47,1.91,2.43,1012.41,95.90,78.926
76843,2.49,0.36,-1.29,0.20,18.52,2.40,2.43,1012.41,95.90,79.920
76864,2.55,0.32,-1.42,0.25,18.57,2.47,2.43,1012.42,95.87,81.706
76888,2.62,0.30,-1.50,0.29,18.64,1.92,2.43,1012.42,95.81,83.788
76911,2.73,0.29,-1.50,0.30,18.70,1.19,2.43,1012.42,95.90,86.427
76934,2.88,0.31,-1.38,0.24,18.76,0.59,2.43,1012.41,95.90,87.817
76954,3.01,0.33,-1.26,0.19,18.82,0.12,2.43,1012.42,95.82,88.669
76973,3.10,0.32,-1.15,0.17,18.89,-0.07,2.43,1012.42,95.83,88.604
76998,3.14,0.30,-1.04,0.16,18.96,0.00,2.43,1012.42,95.83,88.078
77017,3.16,0.29,-0.93,0.14,19.02,-0.15,2.43,1012.44,95.68,87.540
77037,3.15,0.28,-0.84,0.13,19.08,-0.53,2.43,1012.44,95.71,87.151
77060,3.14,0.26,-0.79,0.13,19.16,-0.61,2.43,1012.44,95.71,86.425
77078,3.12,0.26,-0.73,0.11,19.22,-0.53,2.43,1012.42,95.80,86.134
77101,3.08,0.27,-0.66,0.08,19.29,-0.47,2.43,1012.42,95.76,86.017
77123,3.05,0.26,-0.61,0.07,19.35,-0.30,2.43,1012.43,95.76,86.853
77142,3.02,0.28,-0.56,0.04,19.41,-0.10,2.43,1012.43,95.76,88.409
77165,3.08,0.29,-0.32,-0.03,19.48,0.03,2.43,1012.43,95.68,90.551
77189,3.05,0.35,-0.36,-0.10,19.55,-0.14,2.43,1012.44,95.64,92.584
77212,3.07,0.30,-0.24,-0.07,19.63,-0.35,2.43,1012.44,95.64,92.651
77229,3.03,0.30,-0.21,-0.07,19.68,-0.49,2.43,1012.44,95.65,92.623
77252,3.00,0.29,-0.19,-0.07,19.75,-0.59,2.43,1012.44,95.64,92.635
77274,3.01,0.30,-0.21,-0.07,19.81,-0.70,2.43,1012.44,95.64,92.525
77294,2.99,0.28,-0.28,-0.04,19.87,-0.77,2.43,1012.45,95.62,91.982
77319,2.98,0.28,-0.11,-0.07,19.94,-0.70,2.43,1012.45,95.57,91.424
77341,2.90,0.29,0.06,-0.13,20.01,-0.68,2.43,1012.45,95.57,91.458
77359,2.82,0.28,-0.09,-0.09,20.06,-0.60,2.43,1012.44,95.64,91.403
77388,2.80,0.29,0.01,-0.12,20.14,-0.32,2.43,1012.43,95.72,91.002
77411,2.85,0.29,0.06,-0.13,20.21,-0.08,2.43,1012.43,95.80,90.709
77433,2.85,0.28,0.08,-0.13,20.27,0.22,2.43,1012.42,95.80,90.447
77451,2.81,0.27,0.07,-0.13,20.32,0.37,2.43,1012.44,95.67,90.221
77473,2.73,0.27,0.05,-0.12,20.38,0.35,2.43,1012.44,95.73,90.024
77497,2.64,0.25,0.03,-0.09,20.44,0.31,2.43,1012.43,95.73,89.909
77517,2.61,0.25,-0.05,-0.07,20.49,0.29,2.43,1012.43,95.75,89.701
77540,2.74,0.27,0.16,-0.16,20.56,0.11,2.43,1012.43,95.74,89.504
77563,2.83,0.29,0.17,-0.18,20.62,0.19,2.43,1012.43,95.82,89.597
77586,2.89,0.27,0.18,-0.18,20.69,0.36,2.43,1012.42,95.82,89.606
77605,2.90,0.27,0.18,-0.17,20.75,0.47,2.43,1012.42,95.84,89.606
77630,2.89,0.27,0.18,-0.18,20.82,0.38,2.43,1012.43,95.75,89.610
77652,2.92,0.25,0.16,-0.16,20.89,0.35,2.43,1012.43,95.79,89.545
77675,2.89,0.25,0.18,-0.16,20.95,0.36,2.43,1012.43,95.79,89.366
77694,2.90,0.24,0.19,-0.16,21.01,0.22,2.43,1012.43,95.75,89.232
77719,2.92,0.24,0.20,-0.16,21.08,0.04,2.43,1012.43,95.65,89.095
77742,2.93,0.23,0.22,-0.17,21.15,-0.06,2.43,1012.44,95.65,88.872
77760,2.88,0.24,0.23,-0.18,21.20,-0.05,2.43,1012.43,95.75,88.775
77783,2.80,0.24,0.24,-0.19,21.26,-0.08,2.43,1012.43,95.68,88.692
77806,2.77,0.23,0.24,-0.18,21.32,-0.14,2.43,1012.44,95.68,88.612
77825,2.78,0.23,0.23,-0.18,21.38,-0.27,2.43,1012.45,95.62,88.544
77850,2.78,0.22,0.25,-0.18,21.45,-0.29,2.43,1012.45,95.63,88.425
77873,2.77,0.22,0.25,-0.18,21.51,-0.41,2.43,1012.45,95.58,88.434
77895,2.76,0.20,0.25,-0.17,21.57,-0.60,2.43,1012.45,95.58,88.413
77913,2.75,0.19,0.25,-0.17,21.62,-0.54,2.43,1012.44,95.68,88.410
77936,2.77,0.19,0.25,-0.16,21.68,-0.39,2.43,1012.44,95.58,88.438
77961,2.76,0.18,0.25,-0.16,21.75,-0.40,2.43,1012.45,95.71,88.431
77983,2.76,0.18,0.25,-0.16,21.82,-0.21,2.43,1012.44,95.71,88.446
78001,2.76,0.18,0.25,-0.16,21.86,-0.04,2.43,1012.44,95.67,88.445
78023,2.75,0.17,0.25,-0.16,21.93,-0.06,2.43,1012.44,95.59,88.518
78046,2.73,0.17,0.25,-0.16,21.99,-0.16,2.43,1012.45,95.59,88.545
78066,2.74,0.17,0.25,-0.16,22.04,0.07,2.43,1012.43,95.74,88.551
78091,2.72,0.16,0.25,-0.16,22.11,0.06,2.43,1012.43,95.72,88.540
78113,2.71,0.16,0.25,-0.16,22.17,0.13,2.43,1012.43,95.63,88.540
78135,2.70,0.16,0.25,-0.16,22.23,0.05,2.43,1012.45,95.63,88.540
78153,2.69,0.16,0.25,-0.16,22.28,0.08,2.43,1012.45,95.63,88.600
78175,2.67,0.15,0.24,-0.15,22.34,-0.08,2.43,1012.45,95.69,88.631
78198,2.66,0.15,0.24,-0.15,22.39,-0.12,2.43,1012.44,95.69,88.685
78217,2.65,0.14,0.24,-0.15,22.45,-0.13,2.43,1012.44,95.71,88.743
78242,2.63,0.14,0.23,-0.15,22.51,0.25,2.43,1012.41,95.90,88.794
78264,2.61,0.14,0.23,-0.14,22.57,0.66,2.43,1012.41,95.86,88.865
78381,2.58,0.14,0.23,-0.14,22.87,0.49,2.41,1012.42,95.82,89.073
78404,2.55,0.14,0.22,-0.14,22.93,0.53,2.41,1012.42,95.79,89.118
78426,2.51,0.14,0.22,-0.14,22.99,0.51,2.41,1012.43,95.79,89.142
78443,2.48,0.14,0.22,-0.14,23.03,0.22,2.41,1012.45,95.62,89.173
78465,2.45,0.13,0.21,-0.14,23.08,-0.13,2.41,1012.45,95.55,89.177
78487,2.41,0.13,0.21,-0.14,23.14,-0.82,2.41,1012.45,95.55,89.185
78504,2.38,0.13,0.21,-0.14,23.18,-1.52,2.41,1012.46,95.50,89.206
78526,2.35,0.13,0.20,-0.14,23.23,-1.96,2.41,1012.46,95.55,89.206
78549,2.32,0.13,0.20,-0.13,23.28,-1.68,2.41,1012.46,95.55,89.215
78569,2.29,0.13,0.20,-0.13,23.33,-1.43,2.41,1012.45,95.57,89.243
78593,2.27,0.12,0.20,-0.13,23.38,-1.22,2.41,1012.47,95.45,89.300
78615,2.23,0.12,0.20,-0.13,23.43,-0.91,2.41,1012.47,95.51,89.328
78638,2.20,0.12,0.19,-0.13,23.48,-0.56,2.41,1012.46,95.51,89.357
78656,2.17,0.12,0.19,-0.13,23.52,-0.53,2.41,1012.46,95.49,89.364
78680,2.13,0.12,0.19,-0.13,23.57,-0.56,2.41,1012.46,95.58,89.374
78703,2.10,0.12,0.18,-0.12,23.62,-0.22,2.41,1012.45,95.58,89.383
78721,2.07,0.12,0.18,-0.13,23.66,0.04,2.41,1012.45,95.56,89.389
78744,2.04,0.12,0.18,-0.12,23.71,0.11,2.41,1012.45,95.58,89.381
78767,2.01,0.12,0.18,-0.12,23.75,0.24,2.41,1012.45,95.58,89.389
78784,1.96,0.12,0.17,-0.12,23.79,0.49,2.41,1012.44,95.68,89.387
78807,1.93,0.12,0.17,-0.12,23.83,0.60,2.41,1012.44,95.69,89.386
78834,1.91,0.12,0.17,-0.12,23.88,0.69,2.41,1012.44,95.63,89.389
78862,1.87,0.11,0.17,-0.12,23.93,0.67,2.41,1012.45,95.55,89.394
78885,1.84,0.11,0.16,-0.12,23.98,0.49,2.41,1012.45,95.55,89.399
78902,1.81,0.11,0.16,-0.12,24.00,0.41,2.41,1012.44,95.65,89.398
78925,1.78,0.11,0.16,-0.12,24.05,0.28,2.41,1012.44,95.65,89.401
78946,1.75,0.11,0.16,-0.12,24.08,0.14,2.41,1012.44,95.65,89.396
78963,1.72,0.11,0.15,-0.12,24.11,0.14,2.41,1012.44,95.64,89.405
78985,1.69,0.11,0.15,-0.12,24.15,0.29,2.41,1012.44,95.56,89.406
79008,1.66,0.11,0.15,-0.12,24.19,0.09,2.41,1012.45,95.56,89.411
79028,1.61,0.11,0.15,-0.12,24.22,-0.02,2.41,1012.45,95.59,89.400
79053,1.61,0.11,0.15,-0.11,24.26,0.08,2.41,1012.43,95.73,89.378
79075,1.62,0.11,0.13,-0.11,24.30,0.19,2.41,1012.43,95.75,89.365
79098,1.60,0.11,0.13,-0.11,24.33,0.34,2.41,1012.43,95.75,89.371
79116,1.57,0.11,0.13,-0.11,24.36,0.78,2.41,1012.42,95.86,89.362
79139,1.56,0.11,0.13,-0.11,24.40,1.17,2.41,1012.42,95.71,89.352
79163,1.52,0.11,0.13,-0.11,24.43,0.95,2.41,1012.44,95.74,89.339
79186,1.52,0.11,0.13,-0.11,24.47,0.81,2.41,1012.43,95.74,89.313
79203,1.49,0.11,0.13,-0.11,24.49,0.47,2.41,1012.45,95.63,89.307
79226,1.48,0.12,0.12,-0.11,24.53,-0.07,2.41,1012.45,95.74,89.312
79249,1.46,0.11,0.12,-0.11,24.56,-0.35,2.41,1012.43,95.74,89.319
79269,1.44,0.11,0.12,-0.11,24.59,-0.13,2.41,1012.43,95.79,89.324
79293,1.42,0.11,0.12,-0.11,24.62,-0.01,2.41,1012.43,95.80,89.313
79316,1.39,0.11,0.12,-0.11,24.66,0.30,2.41,1012.42,95.80,89.314
79333,1.37,0.11,0.12,-0.11,24.68,0.48,2.41,1012.43,95.74,89.305
79356,1.35,0.12,0.12,-0.11,24.71,0.37,2.41,1012.43,95.82,89.306
79378,1.33,0.12,0.11,-0.11,24.74,0.33,2.41,1012.42,95.82,89.295
79395,1.31,0.11,0.11,-0.11,24.76,0.15,2.41,1012.44,95.71,89.317
79417,1.30,0.11,0.11,-0.11,24.79,-0.04,2.41,1012.44,95.62,89.341
79440,1.28,0.11,0.11,-0.11,24.82,-0.21,2.41,1012.45,95.62,89.355
79458,1.26,0.11,0.11,-0.11,24.84,-0.42,2.41,1012.45,95.60,89.358
79482,1.24,0.11,0.11,-0.11,24.87,-0.74,2.41,1012.45,95.57,89.379
79506,1.22,0.11,0.11,-0.11,24.90,-0.85,2.41,1012.45,95.57,89.408
79524,1.20,0.11,0.10,-0.11,24.92,-0.80,2.41,1012.44,95.67,89.408
79546,1.18,0.11,0.10,-0.11,24.95,-0.57,2.41,1012.44,95.67,89.418
79568,1.17,0.11,0.10,-0.11,24.98,-0.34,2.41,1012.44,95.67,89.417
79585,1.15,0.11,0.10,-0.11,24.99,-0.09,2.41,1012.44,95.71,89.434
79607,1.13,0.11,0.10,-0.11,25.02,0.20,2.41,1012.44,95.66,89.451
79629,1.12,0.11,0.10,-0.10,25.04,0.13,2.41,1012.44,95.66,89.449
79647,1.11,0.11,0.10,-0.10,25.06,0.15,2.41,1012.44,95.70,89.445
79670,1.10,0.11,0.10,-0.11,25.09,0.16,2.41,1012.44,95.69,89.433
79695,1.08,0.11,0.10,-0.11,25.12,0.09,2.41,1012.44,95.71,89.425
79717,1.07,0.11,0.09,-0.10,25.14,0.07,2.41,1012.44,95.71,89.429
79734,1.06,0.11,0.09,-0.10,25.16,0.22,2.41,1012.42,95.81,89.428
79757,1.04,0.11,0.09,-0.10,25.18,0.32,2.41,1012.42,95.78,89.431
79780,1.02,0.11,0.09,-0.10,25.20,0.41,2.41,1012.43,95.78,89.435
79798,1.01,0.11,0.09,-0.10,25.22,0.73,2.41,1012.41,95.92,89.428
79821,0.99,0.11,0.09,-0.10,25.25,1.06,2.41,1012.41,95.74,89.431
79845,0.98,0.11,0.09,-0.10,25.27,0.72,2.41,1012.43,95.70,89.433
